928	OPEN	choksi2212	2026-09-18T10:07:45Z	Terminal: child stdin is never closed - no EOF path exists, so run_command's advertised one-shot commands can never exit and 16 wedged sessions exhaust the global budget for ALL owners
927	OPEN	choksi2212	2026-09-18T10:07:15Z	Security: the host plugin Update path never vets the downloaded jar's declared pluginId - an identity-mismatched jar uninstalls the real plugin and can hot-swap the process-wide API layer
926	OPEN	choksi2212	2026-09-18T09:51:31Z	Security: the workspace MCP file tools write reserved store files by name (Space_Themes.json, last-session-set), and plugin provider ids pass unscoped through registration
925	OPEN	choksi2212	2026-09-18T09:51:05Z	KeymapSettingsManager, BrowserZoomSettings, and workspace-settings.json persist with truncate-on-open writeText, racing save paths, and silent data loss on decode failure
924	OPEN	choksi2212	2026-09-18T09:49:56Z	Security: the public mobile auth pages allow unauthenticated session_id rebinding - the victim's completed passkey ceremony and token handoff redirect to the attacker's session
923	OPEN	choksi2212	2026-09-18T09:49:38Z	Security: terminal session creation spawns inside the service-global lock with caller-controlled cwd - one dead UNC path stalls every TerminalService RPC app-wide
922	OPEN	choksi2212	2026-09-18T09:49:19Z	Security: macOS updater installs whatever /Volumes/BOSS* volume the glob finds first - name-glob race past the checksum gate; Linux JAR update has no rollback either
921	OPEN	choksi2212	2026-09-18T09:49:01Z	Security: heartbeat-timeout enforcement is dead code - an alive-but-wedged child is never detected, and respawn replays the stored spawn environment (secrets included)
920	OPEN	choksi2212	2026-09-18T09:48:43Z	Security: open_workspace path mode re-enters saved Spaces and runs persisted terminal startup commands, bypassing the MCP initial-command refusal gate
919	OPEN	choksi2212	2026-09-18T09:48:29Z	Security: DesktopGitService.checkout() runs the remote-prefix-stripped name unchecked - remote branch 'origin/-f' becomes 'git checkout -f --' and silently discards all uncommitted work
915	OPEN	choksi2212	2026-09-18T08:39:43Z	Security: the plugin ratings route accepts unbounded page/pageSize - oversized range queries and raw auth.users UUID enumeration, unauthenticated
914	OPEN	choksi2212	2026-09-18T08:39:23Z	Security: remote-JAR central-directory sizes are used unvalidated as range-fetch bounds and buffer sizes - a crafted JAR OOMs the edge isolate per request
912	OPEN	choksi2212	2026-09-18T08:39:05Z	Security: unfinalized plugin version rows become 'latest' before the JAR exists, breaking or poisoning downloads for every user of the plugin
911	OPEN	choksi2212	2026-09-18T08:30:16Z	Security: the browser service accepts, executes, and logs javascript: URLs verbatim (and a stuck-loading Reload state rides along)
910	OPEN	choksi2212	2026-09-18T08:29:58Z	Security: the Chromium engine reinstall deletes the only working engine before extraction, and the macOS ditto fallback silently produces a non-booting engine
896	OPEN	Mihir-Rabari	2026-09-18T07:34:54Z	Security: open_workspace workspacePath reads any file on disk and applies it - no containment, loaded-layout paths skip checkProjectPath
895	OPEN	Mihir-Rabari	2026-09-18T07:34:53Z	Security: MCP standing ALLOWs skip argument-driven CRITICAL re-asks - one Always-Allow executes commands the risk evaluator rates CRITICAL
886	OPEN	nitininhouse	2026-09-18T05:56:43Z	Security: a credential inside a URI authority reaches the approval dialog and the ledger unmasked
885	OPEN	choksi2212	2026-09-18T05:44:33Z	Security: the out-of-process EditorService saveFile tears user files on crash and its path gate misses Windows system paths and symlink escapes
873	OPEN	RohithPariki	2026-09-17T23:50:58Z	SnapshotManager: path traversal in processId escapes snapshots directory, and save uses non-atomic writes
871	OPEN	RohithPariki	2026-09-17T22:25:36Z	SettingsServiceImpl: concurrent setSetting calls race on uncoordinated writes, and saveToDisk uses non-atomic truncation
862	CLOSED	Mihir-Rabari	2026-09-17T18:57:21Z	close_workspace can delete a Space JSON outside the workspace directory via the same .json passthrough as #856
860	CLOSED	Mihir-Rabari	2026-09-17T18:44:26Z	atomicWriteText perms are umask-inherited (world-readable on stock desktops) and two stats/recent-project writes are still non-atomic
857	CLOSED	Mihir-Rabari	2026-09-17T18:32:32Z	Unbounded plugin.json entry reads in the loader and local repository let a hostile jar OOM the host before signature verification
856	CLOSED	Mihir-Rabari	2026-09-17T18:23:05Z	open_workspace accepts workspace ids with path separators, loading Space JSON from outside the workspace directory
855	CLOSED	Mihir-Rabari	2026-09-17T18:23:04Z	Supabase realtime log lines embed the signed-in user access token when a send fails
852	OPEN	Mihir-Rabari	2026-09-17T17:56:29Z	plugin-store edge function: three low-severity hardening follow-ups
851	OPEN	Mihir-Rabari	2026-09-17T17:55:54Z	ApiClassLoader.fromPluginDir installs the newest api-claiming jar with no verification
850	CLOSED	Mihir-Rabari	2026-09-17T17:55:54Z	System-plugin GitHub fallback downloads install with no checksum or signature verification
848	OPEN	Vidhaankhare16	2026-09-17T17:53:40Z	Security: boss://workspace ignores DeepLinkOrigin, so an external link runs a Space's terminal commands without the confirmation boss://terminal requires
847	OPEN	Mihir-Rabari	2026-09-17T17:50:03Z	boss://plugin action deep-links dispatch without origin gating, unlike boss://terminal
846	OPEN	Mihir-Rabari	2026-09-17T17:50:02Z	Supabase session tokens persisted in plaintext via the default JVM Preferences backend
845	OPEN	Mihir-Rabari	2026-09-17T17:50:02Z	Passkey SECURITY DEFINER search_path remediation is incomplete: the part-1 migration never landed
836	OPEN	nitininhouse	2026-09-17T16:02:02Z	Security: redaction order leaks the credential it was meant to hide, so "Authorization: Bearer <token>" reaches the approval dialog and the ledger with only the label masked
835	OPEN	RounakKumarAgarwal	2026-09-17T15:52:23Z	boss-native-files: symlink tests fail on Windows without symlink-creation privilege
832	CLOSED	choksi2212	2026-09-17T14:16:46Z	Security (Windows): open_workspace's projectPath strict gate misses Windows-shaped dangerous paths — its own regression test fails on windows-latest
827	OPEN	aryanbajaj868	2026-09-17T13:19:05Z	dev is red on windows-latest: WorkspaceMcpToolProviderTest rejects-dangerous-paths fails since #794
823	OPEN	choksi2212	2026-09-17T12:58:26Z	Security: session trust is keyed by tool name alone — one "trust for this session" click silently pre-approves every provider's same-named tool
820	OPEN	aryanbajaj868	2026-09-17T12:32:38Z	RecentBrowserPagesManager.loadAsync assigns instead of merging, so it keeps the startup race #795 fixed for recent files
819	OPEN	aryanbajaj868	2026-09-17T12:32:16Z	RecentFilesManager.setFiles holds mutationLock across up to 20 File.exists() calls
818	OPEN	aryanbajaj868	2026-09-17T12:29:35Z	Desktop test suite writes into the developer's real ~/.boss
813	OPEN	choksi2212	2026-09-17T10:48:19Z	DesktopGitService.refresh() races itself: the "cancel any pending refresh" guard is a dead field, and concurrent refreshes interleave writes to shared git state
804	OPEN	choksi2212	2026-09-17T08:27:56Z	Security: the mutating-tool policy gate classifies by NAME ONLY and ignores the provider's own readOnly declaration
797	OPEN	choksi2212	2026-09-17T07:47:19Z	Security: the GitHub fallback update download installs with no checksum verification at all
782	OPEN	passionate-coder26	2026-09-16T20:37:56Z	Uninstalling a plugin in one window leaves it loaded in other windows after deleting its JAR
780	OPEN	kshivang	2026-09-16T20:06:46Z	Expose MCP operations to open a workspace and its first terminal
774	OPEN	choksi2212	2026-09-16T18:10:11Z	Security: crash-report files server-token GitHub issues into arbitrary repositories chosen by a plugin publisher
772	OPEN	choksi2212	2026-09-16T18:02:49Z	Passkey SECURITY DEFINER functions still resolve tables through the caller-influenced search_path; clean_expired_passkey_challenges keeps dead client grants
770	OPEN	choksi2212	2026-09-16T17:52:55Z	Security: all edge functions return raw exception messages to unauthenticated callers
768	OPEN	choksi2212	2026-09-16T17:48:10Z	Security: /passkey/auth/challenge is an unauthenticated email + passkey-enrollment enumeration oracle
764	OPEN	choksi2212	2026-09-16T15:47:12Z	RecentFilesManager mutates the recorded list from unsynchronized coroutines and persists with a non-atomic write
762	OPEN	choksi2212	2026-09-16T15:26:30Z	UserDataStorage read-modify-writes user_data.json without coordination and with non-atomic writes
760	OPEN	choksi2212	2026-09-16T15:25:03Z	Security: plugin_ratings RLS exposes per-user rating rows and reviews to any anon key, and permits existence-oracle inserts
758	OPEN	manishakuhar	2026-09-16T13:51:55Z	Tab favorites confuse Space-wide state and save incomplete bookmark targets
756	OPEN	manishakuhar	2026-09-16T13:49:04Z	Home has no persistent navigation while work tabs are open
754	OPEN	passionate-coder26	2026-09-16T13:03:43Z	Run configuration updates can overwrite each other and leave settings vulnerable to incomplete writes
751	OPEN	manishakuhar	2026-09-16T11:29:18Z	Tab-title tooltip flickers when an activity indicator updates the title
747	OPEN	app/github-actions	2026-09-16T01:02:03Z	JxBrowser 9.5.1 auto-release is repeatedly failing
738	OPEN	manishakuhar	2026-09-15T19:16:01Z	Home available-tool tiles omit existing purpose descriptions
736	OPEN	manishakuhar	2026-09-15T19:10:43Z	Unavailable tools lack contextual routes to Plugin Health and Recovery
734	OPEN	manishakuhar	2026-09-15T19:03:17Z	Space switching can apply stale results and bypass a dirty-layout warning
732	OPEN	manishakuhar	2026-09-15T18:42:53Z	Setup completion cannot retry only failed tools in place
730	OPEN	manishakuhar	2026-09-15T18:40:29Z	Late Space saves can reverse rename, delete, or newer selection
728	OPEN	manishakuhar	2026-09-15T18:35:48Z	Home hides plugin-store listing failures without an in-place retry
726	OPEN	manishakuhar	2026-09-15T18:31:53Z	Project opening routes disagree on destination choice and folder validation
724	OPEN	manishakuhar	2026-09-15T18:27:19Z	Spotlight retains stale files after reopening search in the same project
722	OPEN	passionate-coder26	2026-09-15T16:38:44Z	Save Space can overwrite another window's workspace layout
721	OPEN	Samurai007AK	2026-09-15T14:35:00Z	Showcase: Mothership, a Tauri desktop AI control center built with BossConsole as operator harness
719	CLOSED	Samurai007AK	2026-09-15T13:48:10Z	PanelIds: four constants name a panel id no plugin registers
717	CLOSED	JaspreetSingh33	2026-09-15T11:11:40Z	Global Search clearResults() does not cancel an active search
700	OPEN	manishakuhar	2026-09-15T05:23:47Z	Spotlight advertises 26 commands that its selection callback silently ignores
699	OPEN	manishakuhar	2026-09-15T05:23:44Z	Stash and Pop Stash can modify another window's project
698	OPEN	kshivang	2026-09-15T05:10:55Z	Plugin suggestion: Connections & Skills integration plugin for boss-plugins
696	OPEN	shivanshu-risa	2026-09-15T02:51:50Z	Windows: dialog opening over update prompt makes BOSS unusable
690	OPEN	kshivang	2026-09-14T23:55:30Z	Tab drag ghost remains stuck to pointer after moving tabs between panes
681	OPEN	shivanshu-risa	2026-09-14T19:45:01Z	Plugin popups can render beneath an adjacent browser pane
667	CLOSED	app/github-actions	2026-09-14T16:29:12Z	JxBrowser 9.5.1 auto-release is repeatedly failing
641	OPEN	passionate-coder26	2026-09-14T03:00:12Z	Clone Project can hang past its timeout when Git output is silent
629	OPEN	Aditya8369	2026-09-13T14:00:56Z	CoroutineScope Leak in DesktopAuthBrandSite
622	OPEN	passionate-coder26	2026-09-13T05:49:59Z	Concurrent project replacements silently undo a completed replacement in closed files
620	OPEN	Rushikeshiitb	2026-09-12T22:04:40Z	One undecryptable secret aborts the entire secrets listing (passwords are not fail-soft)
618	OPEN	Rushikeshiitb	2026-09-12T21:08:12Z	encrypt_text encrypts every stored secret with a fixed all-zero IV
616	OPEN	sanjaysaini383	2026-09-12T20:12:12Z	Migrate FluckTabInfoTest to use immutable updateNavigation method
614	OPEN	manishakuhar	2026-09-12T19:37:09Z	macOS: preserve the final window when it is closed
606	OPEN	sanjaysaini383	2026-09-12T13:36:03Z	Global Search missing URL and File Path indexing for open tabs
600	OPEN	passionate-coder26	2026-09-12T10:21:12Z	Concurrent host plugin updates can delete or overwrite the shared JAR
594	OPEN	sidharth-vijayan	2026-09-12T09:14:01Z	Run configurations are built for a POSIX shell on every platform, so on Windows the quoting is a parse error and build output lands in the drive root
577	OPEN	govind507	2026-09-11T12:23:41Z	enable multitasking for fluck agent
576	OPEN	govind507	2026-09-11T12:13:55Z	Add prompt queuing to fluck agent
560	CLOSED	kshivang	2026-09-11T10:13:49Z	fix(chrome): focusWindow leaves a minimized target window iconified
557	OPEN	nileshvasita	2026-09-11T09:47:55Z	Browser profiles are a hidden global setting, and nothing can be imported from another browser
556	OPEN	nileshvasita	2026-09-11T09:47:53Z	The YouTube video title is clipped along its top edge in the browser tab
555	OPEN	nileshvasita	2026-09-11T09:47:51Z	Keyboard shortcuts do not reach the page in browser fullscreen
553	CLOSED	kshivang	2026-09-11T09:41:12Z	Explicit Ctrl bindings (Ctrl+Tab / Ctrl+Shift+Tab) require Super+Tab on Windows/Linux while the UI shows Ctrl+Tab
551	OPEN	nileshvasita	2026-09-11T09:21:51Z	The plugin file picker opens an ownerless AWT FileDialog, so a plugin's file-pick can go nowhere
547	OPEN	kshivang	2026-09-11T09:00:53Z	Track: ALTER DEFAULT PRIVILEGES grants anon/authenticated on all later objects (3 recurrence sites)
528	OPEN	Rushikeshiitb	2026-09-10T22:43:39Z	completed_authentications RLS grants anon full read/write, leaking cross-device session tokens
520	OPEN	shivanshu-risa	2026-09-10T19:52:01Z	Close remaining project-selection delivery and provider-lifecycle gaps
516	OPEN	govind507	2026-09-10T17:15:35Z	Stop button for fluck agent is too slow
515	OPEN	govind507	2026-09-10T17:13:55Z	Fluck agent doesn't scroll itself while working
